{
    "0": 0.0005795982316841325,
    "1": 0.0005795982316841325,
    "2": 0.0005795982316841325,
    "3": 0.0005795982316841325,
    "4": 0.0005795982316841325,
    "5": 0.0005795982316841325,
    "6": 0.0005795982316841325,
    "7": 0.0005795982316841325,
    "8": 0.0005795982316841325,
    "9": 0.0005795982316841325,
    "10": 0.0005795982316841325,
    "11": 0.0005795982316841325,
    "12": 0.0005795982316841325,
    "13": 0.0005795982316841325,
    "14": 0.0005795982316841325,
    "15": 0.0005795982316841325,
    "16": 0.0005795982316841325,
    "17": 0.0005795982316841325,
    "18": 0.0005795982316841325,
    "19": 0.0005795982316841325,
    "20": 0.0005795982316841325,
    "21": 0.0005795982316841325,
    "22": 0.0005795982316841325,
    "23": 0.0005795982316841325,
    "24": 0.0005795982316841325,
    "25": 0.0005795982316841325,
    "26": 0.0005795982316841325,
    "27": 0.0005795982316841325,
    "28": 0.0005795982316841325,
    "29": 0.0005795982316841325,
    "30": 0.0005795982316841325,
    "31": 0.0005795982316841325,
    "32": 0.0005795982316841325,
    "33": 0.0005795982316841325,
    "34": 0.0005795982316841325,
    "35": 0.0005795982316841325,
    "36": 0.0005795982316841325,
    "37": 0.0005795982316841325,
    "38": 0.0005795982316841325,
    "39": 0.0005795982316841325,
    "40": 0.0005795982316841325,
    "41": 0.0005795982316841325,
    "42": 0.0005795982316841325,
    "43": 0.0005795982316841325,
    "44": 0.0005795982316841325,
    "45": 0.0005795982316841325,
    "46": 0.0005795982316841325,
    "47": 0.0005795982316841325,
    "48": 0.0005795982316841325,
    "49": 0.0005795982316841325,
    "50": 0.0005795982316841325,
    "51": 0.0005795982316841325,
    "52": 0.0005795982316841325,
    "53": 0.0005795982316841325,
    "54": 0.0005795982316841325,
    "55": 0.0005795982316841325,
    "56": 0.0005795982316841325,
    "57": 0.0005795982316841325,
    "58": 0.0005795982316841325,
    "59": 0.0005795982316841325,
    "60": 0.0005795982316841325,
    "61": 0.0005795982316841325,
    "62": 0.0005795982316841325,
    "63": 0.0005795982316841325,
    "64": 0.0005795982316841325,
    "65": 0.0005795982316841325,
    "66": 0.0005795982316841325,
    "67": 0.0005795982316841325,
    "68": 0.0005795982316841325,
    "69": 0.0005795982316841325,
    "70": 0.0005795982316841325,
    "71": 0.0005795982316841325,
    "72": 0.0005795982316841325,
    "73": 0.0005795982316841325,
    "74": 0.0005795982316841325,
    "75": 0.0005795982316841325,
    "76": 0.0005795982316841325,
    "77": 0.0005795982316841325,
    "78": 0.0005795982316841325,
    "79": 0.0005795982316841325,
    "80": 0.0005795982316841325,
    "81": 0.0005795982316841325,
    "82": 0.0005795982316841325,
    "83": 0.0005795982316841325,
    "84": 0.0005795982316841325,
    "85": 0.0005795982316841325,
    "86": 0.0005795982316841325,
    "87": 0.0005795982316841325,
    "88": 0.0005795982316841325,
    "89": 0.0005795982316841325,
    "90": 0.0005795982316841325,
    "91": 0.0005795982316841325,
    "92": 0.0005795982316841325,
    "93": 0.0005795982316841325,
    "94": 0.0005795982316841325,
    "95": 0.0005795982316841325,
    "96": 0.0005795982316841325,
    "97": 0.0005795982316841325,
    "98": 0.0005795982316841325,
    "99": 0.0005795982316841325,
    "100": 0.0005795982316841325,
    "101": 0.0005795982316841325,
    "102": 0.0005795982316841325,
    "103": 0.0005795982316841325,
    "104": 0.0005795982316841325,
    "105": 0.0005795982316841325,
    "106": 0.0005795982316841325,
    "107": 0.0005795982316841325,
    "108": 0.0005795982316841325,
    "109": 0.0005795982316841325,
    "110": 0.0005795982316841325,
    "111": 0.0005795982316841325,
    "184": 0.003959901707366407,
    "77": 0.0031447681563351038,
    "120": 0.004118790315087492,
    "33": 0.005223339582391188,
    "155": 0.0038266282824950147,
    "171": 0.004444365805091023,
    "110": 0.0046500387927223665,
    "99": 0.005688722008527576,
    "277": 0.003476643466022322,
    "126": 0.0024446040397312456,
    "92": 0.004863204733636989,
    "30": 0.004280853483272362,
    "0": 0.0060559050527615,
    "111": 0.004307444603016422,
    "74": 0.003711322058094005,
    "262": 0.003380838176339649,
    "41": 0.004002757129027615,
    "186": 0.0035901622680644812,
    "216": 0.003171921974451936,
    "38": 0.004394187623346081,
    "45": 0.004342569743121141,
    "147": 0.003819362646017156,
    "117": 0.0040009921248045375,
    "60": 0.005563063684708909,
    "10": 0.0017617462958844914,
    "19": 0.004065570200210546,
    "153": 0.004065570200210546,
    "225": 0.002175553220214723,
    "114": 0.005632828088138702,
    "339": 0.004820348357304591,
    "382": 0.0038810075211939514,
    "209": 0.005377088076506474,
    "310": 0.004388559255719011,
    "90": 0.003169597271250939,
    "220": 0.005736194914874444,
    "25": 0.004966347915012109,
    "14": 0.005122769657990637,
    "230": 0.002615216896848474,
    "28": 0.004652637461062859,
    "359": 0.0036031924609062896,
    "327": 0.003007669165755891,
    "139": 0.0038331376683683445,
    "61": 0.0032774807881921428,
    "356": 0.0031542589428605458,
    "224": 0.005036734726830354,
    "173": 0.004251775409996646,
    "59": 0.004349024389368577,
    "194": 0.0031511192578850466,
    "232": 0.005637269696946449,
    "316": 0.0042359805087328,
    "237": 0.0032416318129651726,
    "355": 0.004968062384544593,
    "395": 0.003511573248267413,
    "134": 0.0048420123018317615,
    "290": 0.004501733082775607,
    "346": 0.003226242107731641,
    "198": 0.004501733082775607,
    "271": 0.0042423830575103886,
    "104": 0.004647282680628099,
    "144": 0.002866115508714129,
    "16": 0.003383085965989574,
    "150": 0.0038639875952536243,
    "52": 0.0038639875952536243,
    "392": 0.0030912623160340253,
    "72": 0.003783581477407449,
    "179": 0.0034700872154528016,
    "49": 0.004138731457168608,
    "265": 0.0032698360541349655,
    "66": 0.002807571536261668,
    "354": 0.003466939041588746,
    "64": 0.004099481757285362,
    "154": 0.005433964934677885,
    "58": 0.004755174934361448,
    "129": 0.003274459381216073,
    "87": 0.002646578358950595,
    "372": 0.0036838043630694674,
    "113": 0.0022869143677434894,
    "151": 0.00341293237371495,
    "123": 0.0055015198699694375,
    "5": 0.004381916769570337,
    "32": 0.004849055195859755,
    "148": 0.004580951154666736,
    "108": 0.0059200340212696625,
    "136": 0.005538542608221102,
    "106": 0.006031181956736309,
    "8": 0.003236562318976903,
    "379": 0.0033389879155556867,
    "213": 0.004817004643070474,
    "199": 0.0019446851246907597,
    "81": 0.006085228288396049,
    "320": 0.0018728473809268306,
    "62": 0.003257513566634237,
    "125": 0.0034007634390647587,
    "24": 0.004853676157958141,
    "13": 0.003866037801444057,
    "222": 0.004757974748062598,
    "240": 0.004156103582793514,
    "181": 0.0028957714441247093,
    "210": 0.004131822623949134,
    "330": 0.0038176741287094416,
    "18": 0.0030492791410788042,
    "268": 0.0025808550263583044,
    "161": 0.0027947324157292872,
    "47": 0.00431802777237125,
    "276": 0.003763315598426838,
    "43": 0.003016892503258311,
    "55": 0.003755433031981244,
    "100": 0.004302012266408995,
    "158": 0.0038639875952536243,
    "375": 0.0038639875952536243,
    "107": 0.003739531693260116,
    "103": 0.0032228284354405713,
    "124": 0.004120813156887078,
    "166": 0.004426241668915554,
    "185": 0.002866977094531582,
    "21": 0.004257022562639574,
    "118": 0.004546152958894241,
    "112": 0.0028718858762281484,
    "11": 0.0039202383829973165,
    "328": 0.0034086207602672678,
    "71": 0.006246179604291719,
    "53": 0.0034544635700519714,
    "44": 0.004441222190090784,
    "1": 0.005098469771725014,
    "88": 0.0035530044458080305,
    "34": 0.00438145221971558,
    "132": 0.0038639875952536243,
    "322": 0.004196392469221841,
    "195": 0.004363406637217963,
    "31": 0.006483966955619843,